seqnames	start	end	width	strand	tx_id	tx_biotype	tx_cds_seq_start	tx_cds_seq_end	gene_id	tx_support_level	tx_id_version	gc_content	tx_external_name	tx_is_canonical	tx_name	gene_name
X	154144243	154159032	14790	+	ENST00000369951	protein_coding	154144284	154158926	ENSG00000102076	1	ENST00000369951.9	57.0048309178744	OPN1LW-201	1	ENST00000369951	OPN1LW
X	154144274	154156397	12124	+	ENST00000463296	protein_coding_CDS_not_defined	NA	NA	ENSG00000102076	5	ENST00000463296.1	57.6589595375723	OPN1LW-203	0	ENST00000463296	OPN1LW
X	154152942	154159023	6082	+	ENST00000442922	protein_coding	154152942	154158926	ENSG00000102076	5	ENST00000442922.1	55.5743243243243	OPN1LW-202	0	ENST00000442922	OPN1LW
